Date,Open,High,Low,Close,Volume
2-Jan-17,677,698,677,681.42,"138,650"
3-Jan-17,683,697.25,675,681.22,"211,450"
4-Jan-17,681.53,696.67,681.53,688.57,"206,200"
5-Jan-17,688,712,688,707.58,"570,650"
6-Jan-17,709,714,695.01,697.03,"292,700"
9-Jan-17,698,699,690,695.97,"118,250"
10-Jan-17,695,701.9,692,693.02,"170,900"
11-Jan-17,688.9,714.89,688.9,705.68,"414,100"
12-Jan-17,710,713,696.05,699.7,"161,250"
13-Jan-17,699.99,710,695.25,697.41,"117,250"
16-Jan-17,705.9,720,697.41,709.12,"389,500"
17-Jan-17,718,718,704,714.13,"177,950"
18-Jan-17,716.9,749.83,715,749.83,"416,200"
19-Jan-17,755,784.9,754,772.74,"491,700"
20-Jan-17,777,795,775.01,777.9,"325,250"
23-Jan-17,790,816.79,790,814.03,"438,650"
24-Jan-17,825,828,780,785.6,"343,750"
25-Jan-17,789,793,765.67,769.5,"285,050"
26-Jan-17,767,800,766.05,780.43,"294,650"
27-Jan-17,777.9,785,770,771.71,"152,050"
30-Jan-17,777.8,777.8,740.5,750.05,"159,650"
31-Jan-17,740,755,721,729.54,"207,250"
2-Jan-17,677,698,677,681.42,"138,650"
3-Jan-17,683,697.25,675,681.22,"211,450"
4-Jan-17,681.53,696.67,681.53,688.57,"206,200"
5-Jan-17,688,712,688,707.58,"570,650"
6-Jan-17,709,714,695.01,697.03,"292,700"
9-Jan-17,698,699,690,695.97,"118,250"
10-Jan-17,695,701.9,692,693.02,"170,900"
11-Jan-17,688.9,714.89,688.9,705.68,"414,100"
12-Jan-17,710,713,696.05,699.7,"161,250"
13-Jan-17,699.99,710,695.25,697.41,"117,250"
16-Jan-17,705.9,720,697.41,709.12,"389,500"
17-Jan-17,718,718,704,714.13,"177,950"
18-Jan-17,716.9,749.83,715,749.83,"416,200"
19-Jan-17,755,784.9,754,772.74,"491,700"
20-Jan-17,777,795,775.01,777.9,"325,250"
23-Jan-17,790,816.79,790,814.03,"438,650"
24-Jan-17,825,828,780,785.6,"343,750"
25-Jan-17,789,793,765.67,769.5,"285,050"
26-Jan-17,767,800,766.05,780.43,"294,650"
27-Jan-17,777.9,785,770,771.71,"152,050"
30-Jan-17,777.8,777.8,740.5,750.05,"159,650"
31-Jan-17,740,755,721,729.54,"207,250"
1-Feb-17,735,765.65,735,754.65,"164,150"
2-Feb-17,764,778,750,757.09,"271,800"
3-Feb-17,755,770.5,753,766.39,"143,300"
6-Feb-17,767,804.7,767,801.76,"494,100"
7-Feb-17,807.98,810.99,781,789.57,"228,900"
8-Feb-17,791,807.7,785,787.41,"201,150"
9-Feb-17,792,795,785.01,786.12,"92,050"
10-Feb-17,790,824,785.01,808.6,"335,750"
13-Feb-17,814.98,827,792,795.97,"229,800"
14-Feb-17,797.99,803.9,789.1,790.94,"81,800"
15-Feb-17,792.1,795.25,785.01,785.78,"58,550"
16-Feb-17,785.1,819,785.1,813.77,"409,650"
17-Feb-17,819.99,819.99,801,806.62,"92,150"
20-Feb-17,805,818,798,805.31,"128,200"
21-Feb-17,807.01,811.4,796,802.38,"163,450"
22-Feb-17,800.07,803,784,789.97,"63,750"
23-Feb-17,786,795,770.02,787.2,"65,400"
24-Feb-17,799.9,805,783.8,785.53,"186,650"
27-Feb-17,784.05,795,780,782.92,"56,450"
28-Feb-17,783.07,783.5,765,774.44,"52,050"
1-Mar-17,778,810.99,777,809.85,"200,950"
2-Mar-17,815,820,800,807.8,"144,250"
3-Mar-17,805,821,799,802.35,"116,650"
6-Mar-17,803,805,792.5,794.13,"71,600"
7-Mar-17,791,794.9,786,787.33,"26,350"
8-Mar-17,791.49,809.99,790.16,798.63,"69,050"
9-Mar-17,805,805,788.85,790.61,"31,650"
10-Mar-17,794,805,786,800.83,"42,450"
13-Mar-17,803,803,787.02,789.11,"15,550"
14-Mar-17,781,789.99,775.5,781.79,"39,500"
15-Mar-17,783,793,781.5,784,"47,300"
16-Mar-17,776,784.5,773,780.94,"17,150"
17-Mar-17,778,790,778,785.62,"28,300"
20-Mar-17,776.1,789.45,776.1,783.49,"19,950"
21-Mar-17,783,787.3,778,780.32,"36,550"
22-Mar-17,782,784,775,778.08,"22,800"
24-Mar-17,780,787,775,784.3,"26,950"
27-Mar-17,790,799,781.2,786.12,"72,050"
28-Mar-17,785,788,781,785.72,"17,300"
29-Mar-17,784,791,756.1,768.75,"45,450"
30-Mar-17,765.35,765.35,746.5,749.13,"112,950"
31-Mar-17,753.5,755.99,740,751.92,"142,000"
3-Apr-17,763,789.51,760,780.31,"283,150"
4-Apr-17,783,789,775.15,779.24,"303,000"
5-Apr-17,779,784.9,776,780.06,"88,100"
6-Apr-17,777.1,780,770,776.47,"35,650"
7-Apr-17,775.15,780,775,777.68,"25,450"
10-Apr-17,775,777.51,774.5,776.89,"13,700"
11-Apr-17,776,786,776,782.83,"167,200"
12-Apr-17,787,789,784.05,787.15,"44,300"
13-Apr-17,788.9,794,782.05,782.77,"33,900"
14-Apr-17,782.77,784,775,777.17,"13,750"
17-Apr-17,781.9,782,773,774.84,"15,350"
18-Apr-17,777.5,797.95,777.5,793.98,"127,400"
19-Apr-17,761,833.67,761,825.83,"286,100"
20-Apr-17,823.5,867.12,810,831,"274,150"
21-Apr-17,838.01,865,837,859.77,"275,000"
24-Apr-17,870,902.75,870,896.17,"294,200"
25-Apr-17,899,927.99,898,910.87,"191,750"
26-Apr-17,910,931,899,919.29,"202,450"
27-Apr-17,921,925.01,905,909.94,"47,400"
28-Apr-17,905.1,925,905,922.74,"47,700"
2-May-17,925,925,911.02,915.33,"72,250"
3-May-17,915,922,905,908.59,"39,600"
4-May-17,901,926,898.63,918.06,"118,050"
5-May-17,923,923.9,910,916.45,"46,600"
8-May-17,915,924.99,914,916.42,"26,550"
9-May-17,914.25,921.99,913.5,914.42,"32,750"
10-May-17,915,916.5,910,913.66,"15,500"
11-May-17,917.43,917.5,908,910.49,"51,250"
12-May-17,901,907,896.83,901.96,"78,150"
15-May-17,900.25,906,890,891.05,"38,200"
16-May-17,905,909,891,892.13,"58,700"
17-May-17,896.49,908,893,898.51,"45,350"
18-May-17,899,904.98,893.01,893.94,"22,400"
19-May-17,894,895.79,890.1,893.74,"18,750"
22-May-17,898.5,913.69,895.85,904.33,"31,550"
23-May-17,903.01,910,900,902.65,"40,000"
24-May-17,908,908,893.01,895.86,"54,050"
25-May-17,896,897,882.5,883.36,"46,850"
26-May-17,880.01,890,876,887.68,"28,400"
29-May-17,888.1,907,885,894.22,"37,450"
30-May-17,894.95,904,876,881.95,"15,500"
31-May-17,877,883,851.5,865.32,"82,900"
1-Jun-17,860.01,890.36,822.06,835.75,"181,300"
2-Jun-17,830,859.99,802,834.13,"18,300"
5-Jun-17,849.9,875.83,849.9,875.83,"119,400"
6-Jun-17,880,895,871.05,885.76,"13,100"
7-Jun-17,886,890,880,888.51,"16,400"
8-Jun-17,890,899,890,892.12,"22,150"
9-Jun-17,895.7,895.7,890,892.33,"30,750"
12-Jun-17,897.8,897.8,864,875.83,"57,600"
13-Jun-17,870,887,855,878.47,"71,700"
14-Jun-17,873,888,870,877.67,"27,400"
15-Jun-17,880,883,873,874.06,"11,650"
16-Jun-17,870,880,865,872.62,"5,650"
19-Jun-17,872.62,873,830,870.68,"8,000"
20-Jun-17,870,885,827.15,827.15,"34,450"
21-Jun-17,820,868.5,810.01,859.12,"33,250"
22-Jun-17,875,880,816.17,827.66,"31,250"
29-Jun-17,815,860,800,838.04,"37,650"
30-Jun-17,820,879.94,820,867.69,"109,450"
3-Jul-17,851.01,858,824.31,824.31,"32,100"
4-Jul-17,822,841,815,819.33,"52,050"
5-Jul-17,822,825,780,781.24,"29,250"
6-Jul-17,775,777,747,756.09,"50,300"
7-Jul-17,760,766.77,735,738.31,"14,300"
10-Jul-17,734.51,760,731.01,749.99,"87,650"
11-Jul-17,735,735,712.5,712.5,"41,800"
12-Jul-17,682,701,676.88,678.26,"51,550"
13-Jul-17,686.8,686.8,644.35,651.75,"23,150"
14-Jul-17,657.9,657.9,641,644.99,"34,700"
17-Jul-17,615.02,650,615.01,644.07,"48,200"
18-Jul-17,663,675,647,664.48,"53,750"
19-Jul-17,667,677,661,666.7,"57,250"
20-Jul-17,674.98,685.69,670,671.14,"55,550"
21-Jul-17,656.52,677.99,655,670.77,"26,600"
24-Jul-17,674.9,680,663,665.69,"30,400"
25-Jul-17,670.31,690,669.99,684.78,"81,700"
26-Jul-17,688,693,675.2,676.71,"163,750"
27-Jul-17,679.99,679.99,670,671.99,"11,750"
28-Jul-17,651,660,638.4,650.86,"130,150"
31-Jul-17,654.1,674.98,654,656.28,"170,700"
1-Aug-17,659.7,675,655.1,660.67,"781,500"
2-Aug-17,662.4,679,660.1,673.55,"284,550"
3-Aug-17,679.99,702.49,679.99,690.92,"460,900"
4-Aug-17,691.07,708,685,687.02,"328,150"
7-Aug-17,681.08,689.85,672.55,679.71,"98,350"
8-Aug-17,681,684.4,665,670.33,"116,900"
9-Aug-17,665.05,673,665,670.72,"57,350"
10-Aug-17,680,680,665,665.5,"15,650"
11-Aug-17,671,679,650,653.77,"29,300"
15-Aug-17,658.8,662,621.09,621.09,"62,350"
16-Aug-17,629.5,633,624.5,629.25,"193,550"
17-Aug-17,620,628,603.02,604.3,"50,300"
18-Aug-17,596.05,607,580,605.11,"61,150"
21-Aug-17,599.98,600,574.86,575.08,"34,800"
22-Aug-17,566,566,546.33,554.59,"167,750"
23-Aug-17,560,582.31,560,581.26,"169,600"
24-Aug-17,580,598,580,588.64,"161,350"
25-Aug-17,589.95,606.9,578,602.33,"55,900"
28-Aug-17,601,604,577,580.2,"66,750"
29-Aug-17,576,577.9,551.36,556.54,"33,100"
30-Aug-17,546,570,535,541.08,"66,850"
31-Aug-17,545,554.99,540,550.19,"7,150"
5-Sep-17,552.34,577.69,550.55,577.69,"22,150"
6-Sep-17,578.1,594.5,562.99,564.68,"84,800"
7-Sep-17,572,574.4,558,564.95,"24,550"
8-Sep-17,575,578,568.02,571.2,"22,050"
11-Sep-17,582.33,582.33,550,555.64,"9,650"
12-Sep-17,559.8,560,540.25,555.75,"9,750"
13-Sep-17,564,575.1,560,571.67,"122,950"
14-Sep-17,567,572.5,553,556.29,"127,250"
15-Sep-17,557,566,552,554.6,"143,450"
18-Sep-17,558,558,548,548.26,"51,750"
19-Sep-17,548,550,533.1,543.84,"64,400"
20-Sep-17,545,545,533.05,536.93,"357,350"
21-Sep-17,539,548.65,512.01,518.47,"294,600"
22-Sep-17,518,541.99,514,535.42,"307,000"
25-Sep-17,539.95,544.9,520,527.78,"140,700"
26-Sep-17,528,530.5,524,527.75,"47,000"
27-Sep-17,527.75,532,525.1,529.98,"44,700"
28-Sep-17,530,536,530,533.5,"72,150"
29-Sep-17,535.99,543,534.5,539.49,"50,050"
2-Oct-17,536.3,540,529,531.42,"33,250"
3-Oct-17,530,535,525,527.41,"105,850"
4-Oct-17,525,528,501.04,510.22,"46,000"
5-Oct-17,515,521,508,513.82,"122,550"
6-Oct-17,520,524,516.02,518.51,"61,500"
9-Oct-17,519.13,529,510.25,519.34,"81,600"
10-Oct-17,511,517.9,510,514.33,"14,250"
11-Oct-17,513,517,510,514.72,"23,650"
12-Oct-17,519.3,519.3,509,512.57,"58,050"
13-Oct-17,512,512,490,508.54,"73,900"
16-Oct-17,507.89,516,507.89,514.59,"104,400"
17-Oct-17,518.99,540.31,514,540.31,"167,900"
18-Oct-17,549.99,555,530.05,543.18,"111,200"
19-Oct-17,545,568,536,566.44,"103,400"
20-Oct-17,565,574.8,559,571.87,"48,750"
23-Oct-17,571.87,571.87,547,552.41,"18,650"
24-Oct-17,546.01,548,535,540.45,"24,650"
25-Oct-17,540,552,540,546.54,"68,900"
26-Oct-17,540,548,540,544.58,"33,600"
27-Oct-17,542.01,543,535,536.68,"19,450"
30-Oct-17,536.68,536.68,522,525.61,"28,900"
31-Oct-17,520,530,516,517.58,"136,200"
1-Nov-17,519.5,530,517.21,527.36,"193,500"
2-Nov-17,524,533.45,524,527.76,"10,300"
3-Nov-17,525,537.5,525,529.48,"19,550"
6-Nov-17,530,533,526,531.68,"5,800"
7-Nov-17,538.99,555,534.5,539.6,"228,350"
8-Nov-17,543,558.85,542.8,552.51,"157,100"
9-Nov-17,559.85,580.13,558,580.13,"215,500"
10-Nov-17,588.99,589.5,570,580.73,"148,850"
13-Nov-17,569,590,565,583.3,"94,450"
14-Nov-17,594,597,578,578.96,"94,950"
15-Nov-17,584,584,566,568.89,"23,650"
16-Nov-17,580,582,566,569.6,"30,600"
17-Nov-17,563,578,563,573.78,"37,700"
20-Nov-17,571,576.9,568,571.09,"45,900"
21-Nov-17,572,592,572,582.17,"71,700"
22-Nov-17,578.15,595,553.07,559.54,"248,900"
23-Nov-17,553,558.99,535,540.7,"63,800"
24-Nov-17,537,545.86,537,544.47,"22,350"
27-Nov-17,539,539,532,532.97,"23,250"
28-Nov-17,539.49,539.49,529,529.79,"30,800"
29-Nov-17,530,531.5,525,526.24,"13,900"
30-Nov-17,529.99,552.55,529.99,551.1,"135,500"
4-Dec-17,549.99,556.5,541.01,553.19,"95,200"
5-Dec-17,555.85,569,554,559.83,"98,950"
6-Dec-17,563.99,563.99,554,555.06,"14,850"
7-Dec-17,551.08,552.5,528.23,530.56,"65,900"
8-Dec-17,528,542,528,531.96,"23,500"
11-Dec-17,532,535,505.37,505.54,"100,300"
12-Dec-17,508.5,508.5,495,501.97,"23,800"
13-Dec-17,504.5,522,502.02,510.42,"25,200"
14-Dec-17,508,513.88,499,501.83,"23,650"
15-Dec-17,502.8,514.5,500.5,508.51,"24,250"
18-Dec-17,507.99,511.99,500,504.67,"13,350"
19-Dec-17,501.1,502.5,485,493.41,"80,300"
20-Dec-17,503.99,504,500,501.41,"42,050"
21-Dec-17,498.98,504.8,490,499.08,"146,600"
22-Dec-17,498.5,513.65,498.25,507.9,"55,200"
26-Dec-17,507,509,499,501.87,"58,850"
27-Dec-17,504.9,507.8,501.1,504.06,"61,000"
28-Dec-17,504,512,502,507.76,"44,750"
29-Dec-17,510.5,519,509,512.41,"23,100"
1-Jan-18,516,516,492.1,500.88,"30,900"
2-Jan-18,500.95,511.5,495,510.44,"29,100"
3-Jan-18,509,510,504.5,506.99,"18,050"
4-Jan-18,507.01,514,507.01,508.94,"10,600"
5-Jan-18,508.2,520,508.06,515.76,"62,400"
8-Jan-18,519,535,515,521.81,"57,750"
9-Jan-18,526.5,526.5,516.99,518.33,"23,100"
10-Jan-18,520.98,529.49,520.98,526.51,"31,250"
11-Jan-18,529.5,529.5,519.98,523.61,"27,500"
12-Jan-18,524.99,524.99,515.01,518.44,"26,450"
15-Jan-18,520,522,518,520.01,"24,950"
16-Jan-18,523.95,524.9,521.02,523.01,"19,600"
17-Jan-18,528,528,522,522.47,"82,000"
18-Jan-18,527.96,535.99,520,525.01,"116,100"
19-Jan-18,530,551.26,530,548.99,"239,600"
22-Jan-18,552,564,549,559.01,"96,350"
23-Jan-18,565,565,531.06,531.34,"181,650"
24-Jan-18,531,537.49,530,532.52,"40,550"
25-Jan-18,532,536.9,530,530.93,"22,150"
26-Jan-18,532.4,532.4,515.15,520.27,"23,300"
29-Jan-18,521,525,520.5,523.86,"20,450"
30-Jan-18,524,538,524,533.95,"115,400"
31-Jan-18,536,538,530,531.54,"41,450"
1-Feb-18,534.99,535.9,515,519.72,"48,500"
2-Feb-18,522,545.7,522,526.09,"335,900"
6-Feb-18,521,530.1,515,529.2,"59,450"
7-Feb-18,532.99,534.75,520.14,521.47,"103,150"
8-Feb-18,526,526,520,521.56,"55,300"
9-Feb-18,517.2,525,517.2,523.49,"104,350"
12-Feb-18,520.1,528,520.1,521,"64,850"
13-Feb-18,522,526,515,516.96,"115,200"
14-Feb-18,518.5,520.95,508,509.44,"136,800"
15-Feb-18,511.22,514.99,504,508.07,"65,250"
16-Feb-18,509.9,512,506,507.51,"185,050"
19-Feb-18,507.8,508.7,505.99,506.48,"98,500"
20-Feb-18,506.5,506.5,500,502.78,"59,900"
21-Feb-18,506,508.99,501.01,502.83,"80,500"
22-Feb-18,497,506,497,504.51,"61,200"
23-Feb-18,509,509,487.01,492.29,"65,300"
26-Feb-18,496.94,496.94,475.15,477.9,"126,450"
27-Feb-18,479.9,483.5,472,474.45,"270,750"
28-Feb-18,478,479.49,473.5,474.88,"62,750"
1-Mar-18,472,478,470,475.01,"110,250"
2-Mar-18,475,489.5,475,481.34,"141,050"
5-Mar-18,482.67,485.99,480,481.55,"72,600"
6-Mar-18,482,505.62,481.01,502.09,"466,150"
7-Mar-18,505,505,487,488.94,"153,650"
8-Mar-18,490.5,492.45,481.5,483.84,"90,350"
9-Mar-18,486,493,481.15,487.81,"89,900"
12-Mar-18,491,495,485.3,491.46,"46,200"
13-Mar-18,491,492,487,488.76,"49,450"
14-Mar-18,488,488,483.91,484.78,"31,250"
15-Mar-18,485.99,487.87,478,479.92,"50,750"
16-Mar-18,478.01,484.49,476.01,478.93,"46,350"
19-Mar-18,477.01,486.5,477.01,484.39,"48,050"
20-Mar-18,488,488.89,475,476.74,"73,750"
21-Mar-18,476.89,479.6,473,473.75,"88,900"
22-Mar-18,472.5,476.75,468,469.84,"46,250"
26-Mar-18,470,470,465,466.88,"33,950"
27-Mar-18,468,474.8,468,472.1,"59,400"
28-Mar-18,474,478,471.1,472.27,"63,950"
29-Mar-18,474.9,475,469,471.63,"52,500"
30-Mar-18,471.99,485,471.99,477.32,"86,550"
2-Apr-18,480,487,479,485.77,"184,350"
3-Apr-18,488,507,486,502.57,"376,700"
4-Apr-18,502.5,505,487,488.73,"193,750"
5-Apr-18,488,489.8,478,479.03,"173,200"
6-Apr-18,484.99,485,480,480.96,"46,600"
9-Apr-18,483.5,485.5,480,481.47,"27,400"
10-Apr-18,483,491.49,482.5,487.34,"62,400"
11-Apr-18,487.35,503,486,492.18,"201,050"
12-Apr-18,499,516.78,491,514.59,"843,200"
13-Apr-18,514,516,505,508.39,"304,950"
16-Apr-18,509.51,511,496,497.29,"83,050"
17-Apr-18,495.11,504,494,500.02,"113,500"
18-Apr-18,502,505,499.99,502.16,"154,300"
19-Apr-18,503,504.01,495.1,499.82,"123,350"
20-Apr-18,498.1,503,496,496.58,"21,850"
23-Apr-18,498.6,499,494.16,495.97,"14,450"
24-Apr-18,496,497.98,492.6,493.82,"26,600"
25-Apr-18,494.3,495.49,487,488.49,"35,250"
26-Apr-18,486.01,490.9,481,483.06,"27,250"
27-Apr-18,483,485.8,476,479.8,"28,850"
30-Apr-18,475.1,483.5,473.88,481.5,"55,000"
2-May-18,484.8,486,480.03,481.55,"30,700"
3-May-18,483.01,483.25,474,474.88,"46,150"
4-May-18,476,480,474.49,479.46,"20,000"
7-May-18,481,484.5,477.02,478.25,"16,550"
8-May-18,479.98,479.98,470,472.25,"20,250"
9-May-18,474,475,461.01,470.25,"25,250"
10-May-18,471,475.01,471,471.78,"70,800"
11-May-18,471.99,473,461.6,463.13,"67,700"
14-May-18,463,463,439.98,440.32,"69,100"
15-May-18,437,449,428,434.02,"110,800"
16-May-18,434.11,435,420,426.86,"47,950"
17-May-18,427,430,414,417.43,"19,450"
18-May-18,416.5,416.85,401.11,403.71,"64,050"
21-May-18,409,410.9,403,407.15,"51,500"
22-May-18,408.5,427.5,408,423.54,"58,200"
23-May-18,421,424.85,420,420.9,"38,400"
24-May-18,422,422,408.02,409.94,"23,800"
25-May-18,409,409.9,400,400.88,"22,500"
28-May-18,404,405.88,397.5,401.39,"33,050"
29-May-18,401.21,408.72,401.21,405.64,"20,750"
30-May-18,407.5,411,402.01,403.21,"36,300"
31-May-18,405,405.45,397,400.01,"46,850"
1-Jun-18,401,403.5,399.51,402.43,"28,500"
4-Jun-18,405,408,403.01,404.55,"27,500"
5-Jun-18,406.99,406.99,402.5,403.85,"37,200"
6-Jun-18,405.99,405.99,401.66,403.21,"35,950"
7-Jun-18,405.8,419,404,409.33,"81,050"
11-Jun-18,416.5,416.5,391,395.79,"150,750"
12-Jun-18,398.97,399,381,382.99,"69,200"
13-Jun-18,362,365.6,356.5,363.24,"48,600"
14-Jun-18,363,364.8,347.3,350.7,"109,600"
19-Jun-18,351,351.75,342,344.53,"65,600"
20-Jun-18,345,345,333,335.38,"116,950"
21-Jun-18,335.99,336,318.62,318.62,"160,700"
22-Jun-18,318.9,322,310.1,312.25,"64,800"
25-Jun-18,311.15,313,296.64,297.65,"171,300"
26-Jun-18,295.01,309,294,302.21,"306,400"
27-Jun-18,304.12,317.32,304.11,315.39,"219,150"
28-Jun-18,312.1,323,308,317.72,"84,000"
29-Jun-18,315.1,319.99,314,316.39,"40,950"
2-Jul-18,316.55,318.5,304,307,"51,000"
3-Jul-18,307.88,307.88,300,300.65,"42,500"
4-Jul-18,298,298,285.62,285.99,"50,300"
5-Jul-18,285,300.28,281,300.28,"91,500"
6-Jul-18,301.01,313.7,295,300.75,"195,100"
9-Jul-18,302.01,306,285.72,286.19,"98,500"
10-Jul-18,284.51,288,274.13,281.37,"129,300"
11-Jul-18,280.3,285.5,272,273.42,"124,100"
12-Jul-18,276,276,266,269.01,"54,000"
13-Jul-18,270.73,282.46,270.73,282.46,"293,900"
16-Jul-18,286,290,274,277.22,"290,400"
17-Jul-18,275.9,287,273.31,281.46,"98,400"
18-Jul-18,284.85,293,284.85,290.28,"115,700"
19-Jul-18,293,297.9,292,294.01,"204,800"
20-Jul-18,289.01,292.9,286.01,287.48,"24,500"
23-Jul-18,287.6,287.6,282,284.23,"30,500"
24-Jul-18,285,297,285,294.96,"70,600"
26-Jul-18,305.5,305.98,289,295.43,"106,700"
27-Jul-18,297.9,300,290,293.66,"266,900"
30-Jul-18,295,302.1,293.7,296.13,"458,500"
31-Jul-18,296.98,296.98,282.5,283.83,"176,600"
1-Aug-18,284,285.89,276.01,278.53,"211,200"
2-Aug-18,279.9,289.5,272.6,281.4,"437,900"
3-Aug-18,280,286.5,278,282.85,"218,400"
6-Aug-18,283,292.98,282,289.25,"303,400"
7-Aug-18,292.5,301.4,287,296,"518,100"
8-Aug-18,297.01,302.25,292.25,293.07,"319,900"
9-Aug-18,293.99,295.05,290,291.95,"104,700"
10-Aug-18,293,297,290,290.49,"117,000"
13-Aug-18,294,296.75,287,287.91,"113,200"
15-Aug-18,289.99,291,282.75,283.74,"64,400"
16-Aug-18,283.8,283.8,275,281.01,"117,600"
17-Aug-18,282.99,288.5,282.99,285.45,"85,900"
20-Aug-18,286.9,286.9,283,283.13,"109,700"
24-Aug-18,284,286.9,283.5,285.82,"39,800"
27-Aug-18,286.55,291,286.01,286.53,"48,800"
28-Aug-18,286.12,290,285,285.72,"90,000"
29-Aug-18,286.58,287.69,282,282.67,"173,700"
30-Aug-18,282.1,285.4,281,282.34,"47,200"
31-Aug-18,282.5,284,282,282.88,"51,100"
3-Sep-18,280.15,280.15,275,277.69,"29,800"
4-Sep-18,276,291.57,276,291.37,"501,500"
5-Sep-18,293.99,296,282,284.12,"215,100"
6-Sep-18,285,286.9,275.01,276.72,"125,600"
7-Sep-18,277,279.5,273,277.59,"62,000"
10-Sep-18,279,291.46,276.11,291.46,"233,300"
11-Sep-18,294,294.99,278.2,280.35,"234,100"
12-Sep-18,280.35,282,275.01,276.08,"79,800"
13-Sep-18,276.5,283,275.5,277.14,"83,700"
14-Sep-18,278.5,283.5,276,277.88,"102,800"
17-Sep-18,277.25,278,263.99,263.99,"75,800"
18-Sep-18,263.03,277.18,250.8,277.18,"711,800"
19-Sep-18,291,291.03,286.99,291.03,"511,500"
24-Sep-18,289,289.99,276.48,276.48,"222,200"
25-Sep-18,274,276.98,268,270.72,"57,500"
26-Sep-18,271.8,271.8,260.01,262.25,"52,900"
27-Sep-18,264.9,267.98,260.2,266.23,"38,600"
28-Sep-18,266.23,266.3,252.92,254.71,"80,200"
1-Oct-18,253,254.49,250,252.89,"49,200"
2-Oct-18,252.8,262,252.2,254.54,"61,200"
3-Oct-18,252.02,256.9,245,247.35,"52,100"
4-Oct-18,246.5,246.5,234.99,234.99,"135,900"
5-Oct-18,232.01,232.01,223.25,223.25,"78,000"
8-Oct-18,220,221.5,212.09,212.09,"38,700"
9-Oct-18,207.25,217.8,201.49,201.49,"292,800"
10-Oct-18,197.2,197.2,191.42,194.79,"251,600"
11-Oct-18,194,203.75,187,190.71,"329,000"
12-Oct-18,191.5,191.5,181.18,181.18,"172,300"
15-Oct-18,180,180,172.13,173.8,"207,100"
16-Oct-18,174.31,179.98,167.15,169.5,"100,200"
17-Oct-18,170.01,177.97,170.01,177.97,"116,200"
18-Oct-18,186.86,186.86,186.86,186.86,"56,700"
19-Oct-18,196.2,196.2,196.2,196.2,"46,700"
22-Oct-18,206.01,206.01,206.01,206.01,"34,000"
23-Oct-18,209,209,195.71,196.39,"605,900"
24-Oct-18,206.2,206.2,203.5,206.2,"515,400"
25-Oct-18,210.16,215,206.1,211.35,"393,100"
26-Oct-18,210,216,206,214.86,"196,900"
29-Oct-18,214.8,225.6,214.6,225.6,"708,000"
30-Oct-18,227,230,220,224.3,"432,500"
31-Oct-18,223.15,235.51,221.5,235.51,"581,000"
1-Nov-18,241,247.28,240,247.28,"174,300"
2-Nov-18,259.64,259.64,252.52,259.64,"145,600"
5-Nov-18,266.86,272.62,253,272.62,"894,600"
6-Nov-18,283,284,267,275.05,"1,277,900"
7-Nov-18,281,285,275,278,"313,000"
8-Nov-18,278,278,264.1,265.79,"193,800"
9-Nov-18,260,267.5,257.1,260.83,"185,300"
12-Nov-18,258.2,267.24,247.79,247.79,"326,100"
13-Nov-18,244,245.01,235.41,237.5,"520,700"
14-Nov-18,230.5,240.9,225.63,230.48,"546,500"
15-Nov-18,233,242,233,242,"425,900"
16-Nov-18,248,253,239.12,241.59,"519,900"
19-Nov-18,243.1,243.25,231.51,233.13,"224,000"
20-Nov-18,234.49,236,229,231.13,"215,000"
22-Nov-18,230,230.45,224,225.75,"258,600"
23-Nov-18,226.55,227,223,224.19,"93,900"
26-Nov-18,224.49,235.39,224,225.35,"520,500"
27-Nov-18,226.98,228,223.5,224.4,"138,700"
28-Nov-18,230.1,230.99,224,224.07,"482,500"
29-Nov-18,224.5,225,216,217.87,"198,000"
30-Nov-18,218.9,218.9,206.98,206.98,"358,100"
3-Dec-18,200,200,196.64,196.64,"37,200"
4-Dec-18,187,198.5,186.81,194.83,"882,100"
5-Dec-18,195.75,197,187,193.53,"167,500"
6-Dec-18,195.75,196,183.86,184.69,"143,900"
7-Dec-18,184.05,193.92,181,192.1,"396,300"
10-Dec-18,190,199,190,195.16,"209,800"
11-Dec-18,195,195,189.51,190.37,"77,700"
12-Dec-18,190.03,191,181.5,182.51,"83,700"
13-Dec-18,180,187,176.5,177.82,"245,700"
14-Dec-18,179.5,186,177.51,182.7,"411,100"
17-Dec-18,182.71,184.4,180,180.55,"98,000"
18-Dec-18,181.89,182.95,178,179.49,"47,600"
19-Dec-18,177.02,181.5,177.02,179.5,"26,600"
20-Dec-18,180.15,185,180,182.97,"110,800"
21-Dec-18,182,185,178,181.72,"61,900"
24-Dec-18,183.8,183.96,179.01,181.66,"27,400"
26-Dec-18,181.1,189,181.1,184.25,"78,600"
27-Dec-18,184,185.5,178,178.73,"58,600"
28-Dec-18,179,179.5,169.81,171.57,"79,900"
31-Dec-18,170,179,167.75,176.54,"97,800"
1-Jan-19,175,184.4,175,183.08,"87,100"
2-Jan-19,182,184,178.2,178.66,"96,800"
3-Jan-19,180,180,176.5,176.97,"18,100"
4-Jan-19,177.98,180.49,175.1,176.68,"40,200"
7-Jan-19,179.9,181,177,178.19,"63,400"
8-Jan-19,178.98,184,178.5,181.28,"110,900"
9-Jan-19,181.99,183.25,177.01,178.21,"131,300"
10-Jan-19,178.97,178.97,176.51,176.95,"40,200"
11-Jan-19,176.25,180.4,175.6,176.64,"114,900"
14-Jan-19,178.5,185.47,178.1,185.47,"209,500"
15-Jan-19,190,193.8,185.7,186.82,"262,800"
16-Jan-19,196.15,196.16,191.5,196.16,"405,000"
17-Jan-19,199.9,205.96,195,205.96,"697,200"
18-Jan-19,207.99,216.25,207.25,216.04,"950,900"
21-Jan-19,220,226.84,220,226.84,"97,900"
22-Jan-19,238.18,238.18,232.6,238.18,"1,047,200"
23-Jan-19,247,250.08,244,250.08,"852,100"
24-Jan-19,262,262.58,237.58,238.75,"2,746,800"
25-Jan-19,234,236.99,226.9,229.77,"740,500"
28-Jan-19,226.6,241.25,226.6,241.25,"675,600"
29-Jan-19,247,252.99,246.01,249.12,"558,600"
30-Jan-19,251.6,255.99,242.02,245.2,"360,300"
31-Jan-19,242,243.05,234.5,239.07,"665,500"
1-Feb-19,240,248,240,242.04,"306,000"
4-Feb-19,245,247.2,238,239.8,"227,300"
6-Feb-19,240.9,251.79,239.01,251.79,"883,800"
7-Feb-19,255.5,259,248.1,250.75,"599,000"
8-Feb-19,250.75,251,238.22,242.78,"487,300"
11-Feb-19,247,250.99,234,235.37,"365,400"
12-Feb-19,237,242,236,237.22,"207,000"
13-Feb-19,239.98,240.88,229.1,230.74,"143,500"
14-Feb-19,227,236,227,233.14,"188,100"
15-Feb-19,233,238.5,231.2,236.46,"298,300"
18-Feb-19,237.95,239.94,227.38,228.87,"128,900"
19-Feb-19,229.99,232.01,221.25,223,"221,700"
20-Feb-19,226,226.85,221.11,222.06,"240,700"
21-Feb-19,222.8,223.01,215.2,221.17,"108,200"
22-Feb-19,220,232.22,218,232.22,"171,100"
25-Feb-19,232.5,240,232,232.7,"380,500"
26-Feb-19,229,232.5,221.07,221.45,"317,200"
27-Feb-19,216,221.07,210.38,215.26,"318,300"
28-Feb-19,218,225.9,214.11,222.56,"408,100"
1-Mar-19,223,232.74,223,229.58,"442,300"
4-Mar-19,230.49,240.98,230,238.88,"652,500"
5-Mar-19,241,244,234.1,236.04,"613,600"
6-Mar-19,236.9,240.7,233.51,234.95,"336,200"
7-Mar-19,246.69,246.69,246.69,246.69,"113,300"
8-Mar-19,259.02,259.02,248,259.02,"1,552,200"
11-Mar-19,265,271.97,262.65,271.97,"840,800"
12-Mar-19,271.9,271.99,258.38,259.99,"1,254,700"
13-Mar-19,261,262.89,250,252.78,"383,700"
14-Mar-19,253,253.97,243,244.72,"230,400"
15-Mar-19,242.68,254,239.01,245.86,"437,000"
18-Mar-19,249.8,254,247,248.43,"327,600"
19-Mar-19,246.5,248,240,240.42,"159,100"
20-Mar-19,240,244,239.1,240.03,"177,200"
21-Mar-19,240.11,244.85,240,240.42,"300,000"
22-Mar-19,240,243,236,240.62,"137,600"
25-Mar-19,240.7,240.99,228.59,229.25,"70,300"
26-Mar-19,229,240.71,223,240.71,"389,100"
27-Mar-19,244,252,244,249.94,"351,300"
28-Mar-19,248.5,249,237.45,242.93,"283,800"
29-Mar-19,243.95,246.5,238,239.96,"351,800"
1-Apr-19,239,240,231,232.9,"102,600"
2-Apr-19,233,235,223,223.98,"153,600"
3-Apr-19,223.98,229.33,218,219.52,"328,300"
4-Apr-19,230,230,208.55,210.37,"551,400"
5-Apr-19,210,211.45,204.2,207.11,"246,500"
8-Apr-19,205,206,196.76,196.76,"249,400"
9-Apr-19,194.25,203.98,187.32,199.36,"388,800"
10-Apr-19,203,205.5,196,198.98,"293,300"
11-Apr-19,195.11,203.9,195.11,199.93,"189,100"
12-Apr-19,200,209.92,200,209.92,"318,800"
15-Apr-19,213.99,220.41,211.7,220.41,"635,800"
16-Apr-19,223.48,230.98,222.98,224.37,"650,900"
17-Apr-19,223.51,223.51,213.16,213.21,"302,000"
18-Apr-19,214.01,219.9,208,213.51,"517,400"
19-Apr-19,212.9,222,212.9,218.33,"398,900"
22-Apr-19,220.89,220.89,207.42,207.54,"330,300"
23-Apr-19,207.5,207.5,197.17,197.17,"259,100"
24-Apr-19,193,197,188,189.77,"260,900"
25-Apr-19,191,193.49,185,188.59,"121,500"
26-Apr-19,186.11,194.5,186.11,193.17,"231,500"
29-Apr-19,194.05,200,194.05,197.08,"199,800"
30-Apr-19,196,198.97,193.5,195.56,"159,900"
2-May-19,196.8,196.8,189.21,190.48,"83,400"
3-May-19,188.5,198,188.5,190.85,"457,600"
6-May-19,192.87,194.3,181.32,181.96,"212,300"
7-May-19,178.98,183,172.87,173.05,"84,800"
8-May-19,171.1,171.25,164.4,164.4,"119,800"
9-May-19,161.01,162,156.18,156.26,"345,400"
10-May-19,154.1,154.11,148.45,148.74,"213,900"
13-May-19,152,156.17,141.31,141.51,"758,100"
14-May-19,141,144.4,134.44,134.44,"290,100"
15-May-19,129.02,139.8,129.02,131.37,"620,200"
16-May-19,131.98,134.89,124.81,124.81,"291,300"
17-May-19,119.01,119.95,118.57,118.57,"59,300"
20-May-19,112.65,124.49,112.65,124.49,"490,900"
21-May-19,130.71,130.71,130.71,130.71,"116,700"
22-May-19,137.24,137.24,137.24,137.24,"15,700"
23-May-19,144.1,144.1,144.1,144.1,"10,400"
24-May-19,151.3,151.3,151.3,151.3,"23,000"
27-May-19,158.86,158.86,158.86,158.86,"315,500"
28-May-19,166.8,166.8,166.8,166.8,"202,700"
29-May-19,175.14,175.14,170,175.14,"509,400"
3-Jun-19,193.08,193.08,180,184.14,"416,500"
10-Jun-19,182,182,174.94,174.94,"139,600"
11-Jun-19,167.3,179.9,166.2,175.56,"472,400"
12-Jun-19,177,184.33,175.56,180.44,"1,155,100"
13-Jun-19,168.3,171.8,165,165.28,"365,600"
14-Jun-19,164.9,171.8,160.11,167.86,"826,100"
17-Jun-19,168.99,170.5,165,166.02,"665,800"
18-Jun-19,166.02,166.99,160,160.68,"97,900"
19-Jun-19,160,162.97,155.71,157.52,"82,200"
20-Jun-19,156.1,165.39,156.1,165.39,"124,400"
21-Jun-19,172,172,165.55,168.46,"360,000"
24-Jun-19,171,175,161.51,162.45,"285,500"
25-Jun-19,162,166.49,155,158.92,"267,300"
26-Jun-19,158.51,159,150.98,151.37,"133,600"
27-Jun-19,152,154.44,143.81,144.99,"351,000"
28-Jun-19,141.11,151.67,138.2,148.32,"322,200"
1-Jul-19,148.05,154.99,148.05,152.77,"185,000"
2-Jul-19,153,153,149,150.68,"291,500"
3-Jul-19,152.4,158.21,152.4,158.21,"196,900"
4-Jul-19,166.12,166.12,156,159.54,"656,400"
5-Jul-19,155.85,164.9,155,161.55,"479,500"
8-Jul-19,160,160.9,153.71,154.04,"128,900"
9-Jul-19,156.99,160.5,155.1,157.6,"304,300"
10-Jul-19,157.5,158.5,152,152.47,"110,400"
11-Jul-19,152,152,148,148.77,"88,800"
12-Jul-19,150,153,141.34,141.34,"450,300"
15-Jul-19,134.28,134.28,134.28,134.28,"16,500"
16-Jul-19,127.57,130.99,127.57,128,"538,900"
17-Jul-19,128.11,130.45,121.6,121.92,"315,800"
18-Jul-19,121,121,115.83,115.88,"169,200"
19-Jul-19,114.01,121.67,114,121.67,"105,800"
22-Jul-19,127.75,127.75,127.75,127.75,"27,600"
23-Jul-19,129.44,133.33,125,131.06,"390,700"
24-Jul-19,128.1,130,126.9,127.42,"106,300"
25-Jul-19,126.1,133.79,123.9,133.79,"133,500"
26-Jul-19,135,140.47,128,130.33,"179,200"
29-Jul-19,130.7,130.7,127.02,128.83,"66,900"
30-Jul-19,127.01,131.5,125.76,129.19,"164,700"
1-Aug-19,140,142.42,137,142.42,"162,500"
2-Aug-19,141.95,149.54,141.95,148.57,"512,400"
5-Aug-19,145,147.99,141.15,144.26,"208,100"
6-Aug-19,142.1,146.2,142,143.08,"104,100"
7-Aug-19,142.5,143,135.93,136.45,"65,400"
8-Aug-19,134.85,136.99,129.63,131.29,"177,800"
9-Aug-19,133.5,137.85,131.45,133.9,"117,300"
16-Aug-19,130.94,132,127.21,127.22,"589,400"
19-Aug-19,124,133.58,124,133.58,"216,400"
20-Aug-19,135,140.25,134.25,140.25,"183,100"
21-Aug-19,142,147.26,142,147.26,"244,000"
22-Aug-19,151.18,154.62,150.1,154.62,"228,400"
23-Aug-19,157.2,159.01,146.89,149.64,"370,900"
26-Aug-19,147,147,142.16,142.16,"178,400"
27-Aug-19,138.11,144,137,142.48,"174,900"
28-Aug-19,141.25,147.8,136,137.56,"140,700"
29-Aug-19,137.99,141.41,134.16,134.97,"128,200"
30-Aug-19,135,137.41,128.23,128.8,"96,900"
2-Sep-19,131,134.5,128,133.5,"39,000"
3-Sep-19,133.5,135,129,129.3,"37,000"
4-Sep-19,132,135.76,127.22,135.76,"93,300"
5-Sep-19,141.95,142.54,132,134.8,"267,600"
6-Sep-19,134.5,134.5,131,132.96,"79,200"
11-Sep-19,133.46,134,128.22,129.61,"145,500"
12-Sep-19,132,136.09,130,136.09,"273,200"
13-Sep-19,134.66,137,130.5,131.85,"169,800"
16-Sep-19,132,135.44,130.6,134.22,"146,300"
17-Sep-19,135,140,133,134.26,"277,900"
18-Sep-19,134.1,135.99,133.21,133.73,"65,800"
19-Sep-19,134,137.3,134,135.24,"141,300"
20-Sep-19,135.5,140,134,136.2,"221,300"
23-Sep-19,136,138,131.5,132.38,"62,900"
24-Sep-19,132.35,135,130.5,134.25,"105,200"
25-Sep-19,134.25,137.48,133.25,133.63,"53,200"
26-Sep-19,132.71,134.68,132.5,134.04,"73,300"
27-Sep-19,135,135.7,134.3,134.91,"71,000"
30-Sep-19,134.91,135.89,132.1,132.65,"48,400"
1-Oct-19,134.6,134.85,133,133.97,"43,700"
2-Oct-19,134,139.06,134,137.9,"243,800"
3-Oct-19,137,144.79,136.25,140.67,"579,200"
4-Oct-19,140.5,145.65,140,144.32,"298,800"
7-Oct-19,144,148.44,142.02,145.57,"135,700"
8-Oct-19,145.95,146.7,141.06,142.01,"57,400"
9-Oct-19,141.2,143.47,139.99,141.04,"61,400"
10-Oct-19,141.04,146,140.26,143.02,"88,200"
11-Oct-19,143.5,148,143.16,143.93,"94,700"
14-Oct-19,143.5,143.99,138.5,139.15,"66,500"
15-Oct-19,139.99,140,136,137.32,"15,200"
16-Oct-19,138,139.9,136.7,137.13,"32,300"
17-Oct-19,138,138.9,136.02,136.1,"20,000"
18-Oct-19,136.25,138,134.5,135.71,"62,400"
21-Oct-19,134,134,128.93,129.07,"62,900"
22-Oct-19,128,131.9,127,129.19,"30,200"
23-Oct-19,131.99,132,127.11,127.82,"69,900"
24-Oct-19,127,129.49,127,127.7,"63,600"
25-Oct-19,127.95,128,125,127.09,"25,000"
28-Oct-19,123.25,133.44,121,129.4,"212,800"
29-Oct-19,129.98,134,129.3,132.75,"174,100"
30-Oct-19,132.5,134.8,130.03,130.54,"51,500"
31-Oct-19,132,136,131.5,133.99,"116,400"
1-Nov-19,134,135.01,132.2,132.48,"66,100"
4-Nov-19,133,139.1,133,137.04,"288,400"
5-Nov-19,137.7,143.89,135.09,143.83,"446,300"
6-Nov-19,145,151.02,145,151.02,"123,800"
7-Nov-19,156.89,156.89,149.3,151.41,"752,900"
8-Nov-19,152,153,147,148.42,"160,200"
11-Nov-19,149.8,155.25,148,150.93,"306,700"
12-Nov-19,151,153.97,149.25,152.1,"203,800"
13-Nov-19,151,154.5,150,150.97,"134,000"
14-Nov-19,152.95,158.51,150.77,158.51,"391,400"
15-Nov-19,166.43,166.43,166.43,166.43,"23,300"
18-Nov-19,174.75,174.75,174.75,174.75,"114,400"
19-Nov-19,179.98,183.48,178.02,183.48,"689,800"
20-Nov-19,190,190,182.1,184.41,"437,800"
21-Nov-19,182,183.5,175.19,175.19,"104,900"
22-Nov-19,175,178.5,168.57,175.3,"343,700"
25-Nov-19,175,184.06,173.12,184.06,"192,600"
26-Nov-19,192.86,193.26,185,193.26,"972,500"
27-Nov-19,199.78,202.92,196,202.92,"407,400"
28-Nov-19,210,213.06,208,213.06,"229,100"
29-Nov-19,222.99,223.71,218,223.71,"517,100"
2-Dec-19,234.89,234.89,222,232.06,"622,500"
3-Dec-19,233.5,234.5,220.46,220.58,"500,400"
4-Dec-19,221.99,228.9,210,224.52,"469,400"
5-Dec-19,226.9,227.9,216,221.84,"267,900"
6-Dec-19,221.8,226.7,217,219.12,"397,100"
9-Dec-19,222.9,223,208.17,208.17,"230,500"
10-Dec-19,205.8,218.57,197.77,218.55,"1,064,200"
11-Dec-19,220,224,210.3,213.69,"496,600"
12-Dec-19,208.11,224.37,206.1,224.37,"645,300"
13-Dec-19,227,229.9,220,220.97,"544,700"
16-Dec-19,221.05,224.99,219,221.63,"156,200"
17-Dec-19,224,226.9,215,218.64,"530,300"
18-Dec-19,218.99,220.75,212,213.03,"127,400"
19-Dec-19,214.99,217,202.5,210.21,"149,900"
20-Dec-19,210.01,214,209,211.31,"167,400"
23-Dec-19,210,211,203,204.78,"81,400"
24-Dec-19,202,215.01,195.27,212.63,"472,300"
26-Dec-19,213,216.99,209.11,214.57,"203,800"
27-Dec-19,215.05,218.48,208,209.84,"80,200"
30-Dec-19,212,220.33,212,220.33,"137,300"
31-Dec-19,224,229.8,218,218.94,"343,300"
1-Jan-20,218,221,215.1,217.96,"87,200"
2-Jan-20,218.5,222.95,218,220.49,"254,300"
3-Jan-20,221.99,223,215.61,216.47,"125,800"
6-Jan-20,206,212.67,205.65,205.69,"207,500"
7-Jan-20,209,211.45,206,207.57,"106,500"
8-Jan-20,207.1,208.7,198.5,199.12,"119,200"
9-Jan-20,205.9,209.07,204.99,209.07,"136,500"
10-Jan-20,213.01,215.55,211.05,212.21,"170,100"
13-Jan-20,213.01,219,209,215.71,"138,400"
14-Jan-20,217.5,225.99,216,224.53,"353,300"
15-Jan-20,223.01,224,214.05,216.09,"178,800"
16-Jan-20,216,216.8,213.05,214.41,"67,400"
17-Jan-20,214.95,222.25,214.95,215.8,"307,000"
20-Jan-20,216.45,218.8,212,212.78,"275,800"
21-Jan-20,212.8,215.5,210,212.51,"134,200"
22-Jan-20,214.15,215.9,210,211.38,"116,700"
23-Jan-20,211.38,213.5,199.76,199.78,"414,800"
24-Jan-20,197.99,198,192.1,194.41,"145,700"
27-Jan-20,194.05,204,194.02,201.52,"300,000"
28-Jan-20,201,211.99,199.98,209.01,"511,600"
29-Jan-20,211,214.5,204,205.55,"123,600"
30-Jan-20,205.1,212.99,205.1,209.91,"311,900"
31-Jan-20,211,214.39,205.25,206.11,"108,30"
3-Feb-20,205,205,199.01,202.68,"151,600"
4-Feb-20,201.25,208.5,201.25,204.42,"67,100"
6-Feb-20,205,207,197,199.31,"64,900"
7-Feb-20,199.9,200.33,194.05,195.05,"84,200"
10-Feb-20,191.76,192.98,186.05,187.22,"111,700"
11-Feb-20,189.99,191,182,188.36,"205,700"
12-Feb-20,195,199.66,195,199.66,"127,400"
13-Feb-20,206.98,207,193,194.94,"348,000"
14-Feb-20,194.2,197,192,195.68,"58,600"
17-Feb-20,195.7,203,195.7,198.42,"180,600"
18-Feb-20,198.5,200.48,196,196.52,"59,700"
19-Feb-20,196.57,202.5,196.5,201.93,"133,900"
20-Feb-20,202.01,206,199,200.12,"94,700"
21-Feb-20,199.03,202.5,198,199.61,"31,200"
24-Feb-20,197.05,197.5,187.7,189.67,"42,400"
25-Feb-20,188.9,196,188.88,193.54,"90,800"
26-Feb-20,193,196,186,194.38,"132,600"
27-Feb-20,188.68,191.89,187,190.55,"130,700"
28-Feb-20,191.99,200,189.9,195.05,"94,300"
2-Mar-20,198.4,205.9,198.3,203.33,"205,800"
3-Mar-20,205,207.1,197.5,198.95,"136,200"
4-Mar-20,198,200,193,194.16,"73,300"
5-Mar-20,195.2,207.75,195.2,207.75,"307,300"
6-Mar-20,211.9,219.98,203.5,204.21,"316,100"
9-Mar-20,197,215,189.92,213.31,"190,600"
10-Mar-20,216,223,210.11,217.79,"416,800"
11-Mar-20,220,220,210,210.5,"95,900"
12-Mar-20,207,208.8,198,200.32,"139,000"
13-Mar-20,196,205.9,188,203.72,"124,300"
16-Mar-20,199,200,188.45,192.26,"108,000"
17-Mar-20,194,196,186,189.71,"48,000"
18-Mar-20,182,182,175.49,175.49,"135,900"
19-Mar-20,162.33,168.9,162.33,162.84,"263,600"
20-Mar-20,163,167.5,158,164.13,"103,900"
24-Mar-20,151.83,151.83,151.83,151.83,"25,500"
25-Mar-20,151.9,151.9,140.45,140.45,"22,100"
26-Mar-20,130,145,129.92,130.02,"128,300"
27-Mar-20,132.98,132.98,123.01,127.43,"78,200"
30-Mar-20,121.01,124,120.02,123.27,"78,000"
31-Mar-20,123,132.51,122,132.51,"147,300"
1-Apr-20,133.98,142.44,129.01,142.44,"214,600"
2-Apr-20,143,150.9,139,148.08,"419,700"
3-Apr-20,151.8,152.79,149,149.96,"126,600"
6-Apr-20,152,152,138.72,138.78,"151,500"
7-Apr-20,138.01,140,133.12,136.88,"136,200"
8-Apr-20,138,138,131,131.56,"81,800"
9-Apr-20,133,141,133,136.57,"133,100"
10-Apr-20,135,140.94,131.06,138.14,"100,400"
13-Apr-20,137.5,137.5,131.7,132.43,"66,000"
14-Apr-20,132.02,137,131,135.9,"52,300"
15-Apr-20,134,144.35,134,138.75,"217,200"
16-Apr-20,138.75,143.69,136,142.93,"70,700"
17-Apr-20,153.64,153.64,153.64,153.64,"51,900"
20-Apr-20,165.16,165.16,165.16,165.16,"61,500"
21-Apr-20,170,177.54,163.02,170,"692,400"
22-Apr-20,170,173.05,165,169.12,"223,700"
23-Apr-20,172.8,174,168.51,170.5,"149,500"
24-Apr-20,173.9,174,168.16,169.07,"106,700"
27-Apr-20,172,172,165.01,166.58,"62,600"
28-Apr-20,167.8,168,163.06,165.97,"57,500"
29-Apr-20,169,173,163,169.91,"182,700"
30-Apr-20,172.5,174.99,168.77,171.2,"204,600"
4-May-20,168.99,177.9,168,172.78,"298,000"
5-May-20,173.6,176.5,168.8,169.73,"303,800"
6-May-20,170.95,171,166.5,167.52,"69,000"
7-May-20,165.5,169.95,163.37,164.3,"90,600"
8-May-20,166.99,166.99,160.01,161.94,"32,900"
11-May-20,162,163.4,157.02,160.61,"63,700"
12-May-20,160.61,165.5,160.03,163.33,"80,800"
13-May-20,164.7,164.7,159,160.29,"72,000"
14-May-20,161,161.5,159,160.96,"32,200"
15-May-20,161.03,162,158.3,161.04,"66,600"
18-May-20,165.96,170,161.5,166.96,"532,500"
19-May-20,168.75,170.8,165,167.14,"267,200"
20-May-20,167.01,179.67,165.01,179.67,"968,800"
21-May-20,185.1,185.1,177,179.22,"827,100"
28-May-20,180.89,189.49,180,183.23,"572,900"
29-May-20,183.01,185,182,182.2,"162,800"
1-Jun-20,182.1,182.1,178.26,178.89,"70,900"
2-Jun-20,180,189.7,176,186.91,"456,900"
3-Jun-20,190.5,191.8,180,185.94,"229,400"
4-Jun-20,185,194,182,188.81,"426,200"
5-Jun-20,187.25,188.48,185.01,186.44,"126,300"
8-Jun-20,188.74,195,188,193.3,"576,300"
9-Jun-20,196.12,203.9,194.5,198.11,"735,500"
10-Jun-20,197.5,197.5,193,194.09,"170,700"
11-Jun-20,195.25,201,193,199.24,"305,500"
12-Jun-20,200.4,202,196,198.07,"186,200"
15-Jun-20,195,195,183.22,183.53,"291,000"
16-Jun-20,182,187.27,182,186.68,"120,500"
17-Jun-20,186.98,196.9,186.01,189,"254,200"
18-Jun-20,189,192,187,187.78,"64,600"
19-Jun-20,187.8,188.8,186,186.88,"40,900"
22-Jun-20,186.05,191,182,189.46,"72,200"
23-Jun-20,191,198,189.53,197.04,"163,100"
24-Jun-20,196.4,198,193.5,195.87,"84,700"
25-Jun-20,193,195.5,192,193,"76,300"
26-Jun-20,196.9,197.5,191.51,192.46,"89,400"
29-Jun-20,191.5,206.89,191.5,205.32,"585,700"
30-Jun-20,205.99,205.99,192.5,193.68,"452,400"
1-Jul-20,192.99,199.6,192.99,198.06,"214,700"
2-Jul-20,199,200,196.52,197.27,"186,200"
3-Jul-20,196.1,199,195.95,198.59,"32,900"
6-Jul-20,195.51,210.01,195.5,207.34,"773,500"
7-Jul-20,208.99,222.89,208.1,221.87,"1,136,400"
8-Jul-20,225,229,217.12,218.45,"779,400"
9-Jul-20,221,223,217.02,218.72,"268,200"
10-Jul-20,219.99,221.8,217,217.32,"175,200"
13-Jul-20,218.39,233.61,218.39,232.42,"1,017,100"
14-Jul-20,237,237.9,227,228.75,"673,600"
15-Jul-20,228,237.98,227.44,235.04,"421,600"
16-Jul-20,236.5,245.5,236.5,241.07,"816,300"
17-Jul-20,241,243.9,233.05,236.29,"437,400"
20-Jul-20,238.1,243.2,238.1,240.87,"325,200"
21-Jul-20,240.87,241.75,235.1,238.63,"287,300"
22-Jul-20,239.9,256.52,239.9,256.52,"786,100"
23-Jul-20,263.98,263.98,238,240.65,"1,032,700"
24-Jul-20,241,254,236.01,244.19,"1,004,100"
27-Jul-20,244.9,249.99,240.5,245.84,"760,200"
28-Jul-20,250.92,264.27,247.25,264.27,"1,328,000"
3-Aug-20,302.25,322,297.5,317.98,"1,269,300"
4-Aug-20,320,341.82,318,328.32,"1,097,900"
5-Aug-20,329.98,352,311,343.32,"1,151,100"
6-Aug-20,345,364.98,345,361.55,"970,800"
7-Aug-20,366,375,359,367.8,"956,100"
10-Aug-20,368,369,340.22,340.55,"1,101,500"
11-Aug-20,340.5,340.5,316,330.19,"1,749,800"
12-Aug-20,335,342,325.2,328.16,"699,500"
13-Aug-20,326.5,335,326.5,331.91,"678,800"
17-Aug-20,335.99,353.1,334.1,348.43,"814,700"
18-Aug-20,353.5,355,344,346.18,"987,000"
19-Aug-20,346.6,348,335,336.47,"271,300"
20-Aug-20,337.61,344.43,330,333.84,"328,700"
21-Aug-20,334,334,324.08,330.93,"409,000"
24-Aug-20,334,336.6,330.93,333.34,"280,200"
25-Aug-20,335.01,340.2,334,338.24,"329,400"
26-Aug-20,341.99,347,335,336.29,"438,500"
27-Aug-20,338,340.55,332,332.39,"190,600"
28-Aug-20,333,337.89,331.6,332.39,"74,100"
31-Aug-20,334.89,336,323.05,325.46,"299,400"
1-Sep-20,323,327.18,321,325.64,"206,600"
2-Sep-20,330,336,326.51,327.93,"439,800"
3-Sep-20,329.75,333,327,328.3,"304,100"
4-Sep-20,327.5,328.1,323.6,327.07,"314,100"
7-Sep-20,327,332.5,323.25,325.67,"388,900"
8-Sep-20,326.5,328.99,310,317.26,"244,900"
9-Sep-20,316,324.44,311,314.97,"338,700"
10-Sep-20,314.97,326,312,314.44,"487,000"
11-Sep-20,316,338.02,316,323.12,"2,231,400"
14-Sep-20,325,329.34,317.01,319.24,"341,900"
15-Sep-20,320,326.97,311.5,312.66,"400,100"
16-Sep-20,315,316.97,311.1,313.17,"279,300"
17-Sep-20,316,319,307,308.64,"201,500"
18-Sep-20,309.5,309.5,304.11,305.44,"114,800"
21-Sep-20,305.02,328,304,312.85,"740,800"
22-Sep-20,315,319.98,309.5,310.14,"348,100"
23-Sep-20,310,311.5,305.5,306.09,"154,500"
24-Sep-20,305.01,308.7,295,304.89,"252,200"
25-Sep-20,305.05,309.97,298.5,300.84,"234,700"
28-Sep-20,300.5,302,278.28,278.68,"400,000"
29-Sep-20,276,282,266.5,276.86,"413,700"
30-Sep-20,277.49,279.5,256.1,258.94,"463,900"
1-Oct-20,260.19,266,252,255.63,"435,700"
2-Oct-20,254,274.8,251,261.63,"1,432,600"
5-Oct-20,262.9,263.98,245.15,251.36,"321,300"
6-Oct-20,255,263,252,256.85,"279,400"
7-Oct-20,261,273,257,269.74,"630,300"
8-Oct-20,272,275,266,267.1,"461,100"
9-Oct-20,267.18,279.79,267.15,276.52,"680,100"
12-Oct-20,278.51,292,278.51,281.87,"1,100,700"
13-Oct-20,283,287.9,274,278.42,"548,000"
14-Oct-20,281,290.99,280.75,286.55,"769,400"
15-Oct-20,288.28,290,279,280.18,"434,900"
16-Oct-20,279.5,279.5,275,277.2,"124,500"
19-Oct-20,279,283.5,271.11,281.94,"202,500"
20-Oct-20,282,303.08,282,303.08,"1,322,000"
21-Oct-20,308,321.5,304.1,316.05,"1,392,600"
22-Oct-20,314.99,321.97,301,317.13,"695,800"
23-Oct-20,318.4,320.9,312.01,315.38,"674,400"
26-Oct-20,318,326.5,315.38,320.16,"547,700"
27-Oct-20,320.01,320.01,311,315.09,"349,600"
28-Oct-20,316,336,315.09,325.66,"1,523,200"
29-Oct-20,325.5,325.5,305.01,315.93,"755,100"
2-Nov-20,306,312.87,305,310.37,"186,500"
3-Nov-20,319.9,328.8,316.11,325.44,"428,300"
4-Nov-20,328,337,323,326.68,"594,900"
5-Nov-20,331,331,327,327.67,"155,400"
6-Nov-20,327.9,334.85,323,324.07,"527,700"
9-Nov-20,326.49,328,316,318.11,"188,500"
10-Nov-20,324.5,326.5,312,314.53,"240,600"
11-Nov-20,316,317,309.18,310.45,"128,400"
12-Nov-20,310,314.35,301,304.66,"148,100"
13-Nov-20,305.16,305.16,294.99,297.87,"183,700"
16-Nov-20,300.99,302,293.4,299.55,"160,700"
17-Nov-20,301,303.5,300,300.19,"258,500"
18-Nov-20,298.2,302.5,296.05,299.29,"135,800"
19-Nov-20,300.98,303,297,298.03,"133,400"
20-Nov-20,298,301.95,292,293.3,"83,300"
23-Nov-20,289.1,290.01,276,282.54,"151,400"
24-Nov-20,284,290,279,283.39,"172,500"
25-Nov-20,285.98,291,283.07,287.96,"180,900"
26-Nov-20,291.8,297,289,292.72,"408,300"
27-Nov-20,291,294,287.1,287.78,"155,000"
30-Nov-20,287.78,294,285.01,292.9,"290,800"
1-Dec-20,292,301.5,292,296.6,"355,900"
2-Dec-20,297.5,310,297.5,307.29,"480,000"
3-Dec-20,312,321,312,317.68,"817,700"
4-Dec-20,317,324,317,319.72,"697,000"
7-Dec-20,322,325,314.11,316.04,"485,200"
8-Dec-20,320,320,313,314.16,"217,200"
9-Dec-20,314.2,320.88,314.2,316.02,"255,600"
10-Dec-20,316,318,312.81,313.58,"102,000"
11-Dec-20,315,316.8,311.12,312.97,"160,300"
14-Dec-20,316.01,325,315.5,321.79,"501,600"
15-Dec-20,325,345.92,322,330.28,"1,461,100"
16-Dec-20,331,337.5,321.56,323.59,"407,100"
17-Dec-20,325,329.5,320,327.59,"526,100"
18-Dec-20,330.9,335,322.01,326.55,"414,100"
21-Dec-20,327,327.99,318,319.75,"262,300"
22-Dec-20,317.1,318.5,305,308.45,"312,900"
23-Dec-20,308.44,319,304,315.08,"294,600"
24-Dec-20,318.98,322.5,316.6,318.35,"341,000"
28-Dec-20,320,331,318.2,326.62,"743,100"
29-Dec-20,328,328.5,320.8,322.04,"326,800"
30-Dec-20,322.04,346.19,322.04,332.59,"1,892,400"
31-Dec-20,334.5,336.3,327,328.11,"242,400"
1-Jan-21,329.5,333,324.5,325.26,"171,500"
4-Jan-21,323,325.26,315,318.49,"146,900"
5-Jan-21,316.23,324.3,316.22,318.22,"133,400"
6-Jan-21,318.22,323.2,318.22,320.09,"159,100"
7-Jan-21,320,324.9,318,319.32,"133,100"
8-Jan-21,320.01,321.5,317.5,318.46,"110,000"
11-Jan-21,320.11,320.11,313,314.32,"81,400"
12-Jan-21,317.85,321.8,315.02,319.22,"116,600"
13-Jan-21,322,322,317,318.29,"75,200"
14-Jan-21,317.99,320.5,315,315.36,"54,300"
15-Jan-21,313.11,317,310.16,312.93,"67,500"
18-Jan-21,312,314,309.77,310.71,"72,700"
19-Jan-21,310.01,314.5,308.56,310.01,"50,200"
20-Jan-21,308.27,311.9,307,308.6,"41,800"
21-Jan-21,309,309.98,305,305.45,"39,300"
22-Jan-21,303.12,310.35,303,306.69,"60,700"
25-Jan-21,308.39,309.98,303.4,304.65,"410,100"
26-Jan-21,305.49,314.5,304,311.58,"247,200"
27-Jan-21,311.6,326.8,311.6,317.6,"496,300"
28-Jan-21,314.62,317.75,308.85,310.5,"106,200"
29-Jan-21,309.01,317,309,313.08,"98,800"
1-Feb-21,313.11,328.99,313.11,320.13,"338,800"
2-Feb-21,320,329.99,316.2,323.46,"383,900"
3-Feb-21,322.5,332,319.5,323.61,"402,900"
4-Feb-21,325.98,326.8,318.4,320.51,"91,900"
8-Feb-21,324.98,324.98,307,307.99,"942,500"
9-Feb-21,309.97,313,305,305.51,"332,300"
10-Feb-21,306.5,306.5,296,298.82,"385,900"
11-Feb-21,301,310.15,299.01,302.91,"381,100"
12-Feb-21,304,305.99,296,297.56,"295,300"
15-Feb-21,300,300,296,296.31,"154,800"
16-Feb-21,298,300.5,296,299.05,"107,600"
17-Feb-21,301.98,311,300.6,301.92,"327,800"
18-Feb-21,302.29,304.89,297.5,298.63,"138,500"
19-Feb-21,298.63,303.9,297.05,298.17,"155,700"
22-Feb-21,301.99,301.99,297.1,297.47,"123,500"
23-Feb-21,298.99,302.4,297,297.46,"103,700"
24-Feb-21,297.21,298.94,286,288.1,"164,600"
25-Feb-21,291,293.18,287.6,288.67,"110,100"
26-Feb-21,288,289.89,280.01,281.62,"71,700"
1-Mar-21,277.02,282,267.98,273.48,"129,800"
2-Mar-21,274,293.99,274,293.31,"359,500"
3-Mar-21,296.01,304,296.01,301.85,"432,700"
4-Mar-21,285.1,295,285.1,290.09,"134,300"
5-Mar-21,290.5,292,284,288.44,"54,500"
8-Mar-21,292.5,295,283,284.72,"73,500"
9-Mar-21,280.52,283.5,265.25,268.13,"144,800"
10-Mar-21,269.5,270,249,251.02,"156,700"
11-Mar-21,250.1,253.99,232.2,235.39,"123,600"
12-Mar-21,230,253,230,248.28,"182,900"
15-Mar-21,256,266.9,256,266.55,"248,700"
16-Mar-21,272,272,261,265.57,"119,900"
17-Mar-21,273.99,280,270.01,275.12,"259,700"
18-Mar-21,275.12,276.8,259,260.9,"176,000"
19-Mar-21,267,268,260,265.62,"140,800"
22-Mar-21,265.6,271.89,260,265.52,"140,700"
24-Mar-21,265.35,271.5,264.5,266.52,"150,500"
25-Mar-21,268,281.5,268,277.54,"607,300"
26-Mar-21,277,280,274.02,274.73,"165,400"
29-Mar-21,274.11,274.11,258.21,260.81,"123,800"
30-Mar-21,258,271.5,258,265.66,"138,200"
31-Mar-21,270,285.58,270,272.78,"649,500"
1-Apr-21,278.47,278.47,265,268.21,"127,800"
2-Apr-21,274.95,284,266,280.53,"502,000"
5-Apr-21,283.99,291.9,275.01,282.44,"584,800"
6-Apr-21,282.44,293,276.11,289.31,"385,700"
7-Apr-21,290.02,293,275.25,278.54,"220,200"
8-Apr-21,282.5,289.99,279.01,288.32,"218,700"
9-Apr-21,291.5,291.5,285.8,288.71,"173,400"
12-Apr-21,286.55,290,283,287.44,"76,700"
13-Apr-21,284,293,283.1,288.46,"331,400"
14-Apr-21,293,303,290.01,299.29,"360,800"
15-Apr-21,301.2,306.75,298,299.85,"274,900"
16-Apr-21,299,307,298,300.95,"246,800"
19-Apr-21,295,316.9,286,311.59,"535,200"
20-Apr-21,313.49,323,313.49,316.86,"279,500"
21-Apr-21,316,319.5,308,308.84,"147,900"
22-Apr-21,305.01,307.01,292,295.05,"76,800"
23-Apr-21,293,298,280.1,293.89,"124,100"
26-Apr-21,288.01,298.07,286,290.84,"69,700"
27-Apr-21,290,298.9,288.6,289.28,"39,700"
28-Apr-21,289.32,295,288.01,288.86,"45,500"
29-Apr-21,288.86,288.86,284,284.84,"24,100"
30-Apr-21,286.5,286.5,280.1,281.24,"28,100"
3-May-21,281,287.98,270,280.48,"56,300"
4-May-21,286,299,285,297.72,"176,200"
5-May-21,301.5,305.99,296,299.01,"61,200"
6-May-21,300,302,297,297.6,"13,700"
17-May-21,308,310.15,302,307.94,"142,500"
18-May-21,308,310,305,306.48,"111,600"
19-May-21,307,314.98,304,307.96,"206,800"
20-May-21,310,311.5,305,308.25,"115,500"
21-May-21,310.79,331.36,309,326.09,"481,500"
24-May-21,350,350,332.3,345.19,"742,000"
25-May-21,346,352.8,330.1,340.79,"1,622,800"
26-May-21,344.9,352.49,343,348.62,"763,900"
27-May-21,345.5,348.5,334,338.5,"228,300"
28-May-21,336,344.35,334,341.57,"149,600"
31-May-21,343,350.6,337,341.77,"346,600"
1-Jun-21,342.99,344.95,338.25,339.75,"194,800"
2-Jun-21,338.5,365.23,333,360.82,"2,152,300"
3-Jun-21,366,380.89,364.99,373.42,"1,052,700"
4-Jun-21,376,400,374.01,392.34,"1,205,400"
7-Jun-21,395,409.9,387,390.39,"534,400"
8-Jun-21,393,398.8,381.99,388.97,"395,500"
9-Jun-21,390,390.53,375,383.76,"337,600"
10-Jun-21,383.1,386.49,377,381.74,"266,200"
11-Jun-21,382.01,384,370.1,377.32,"599,200"
14-Jun-21,382.95,384,362.11,370.7,"634,700"
15-Jun-21,370,370,358.01,361.77,"275,800"
16-Jun-21,359.01,370.99,357.25,365.26,"394,400"
17-Jun-21,366,368,354,359.13,"223,400"
18-Jun-21,357,357,348,352.29,"716,900"
21-Jun-21,353,355,335.6,345.66,"314,500"
22-Jun-21,345,345,338.51,339.66,"348,800"
23-Jun-21,342.45,344,337,342.72,"182,900"
24-Jun-21,344.99,357.22,344,352.16,"681,600"
25-Jun-21,355,355,342,345.71,"233,300"
28-Jun-21,345,345.99,332.56,334.73,"231,300"
29-Jun-21,333,345.9,333,338.21,"497,000"
30-Jun-21,338.32,362.99,335.01,345.78,"202,400"
1-Jul-21,345.99,352,343.2,350.44,"165,600"
2-Jul-21,352,357.9,344.8,347.74,"269,900"
5-Jul-21,345.27,350.25,342.15,345.46,"124,100"
6-Jul-21,345.6,357,345,351.61,"436,200"
7-Jul-21,349,359,347.02,357.52,"315,400"
8-Jul-21,357,370.1,357,366.12,"473,600"
9-Jul-21,368,369.9,360,361.63,"220,900"
12-Jul-21,361,367,354,355.68,"75,600"
13-Jul-21,356,359.8,348,351.15,"99,100"
14-Jul-21,352.79,360,351.55,357.33,"172,100"
15-Jul-21,355.11,369.9,355.11,366.81,"459,500"
16-Jul-21,374.99,379.5,367,376.9,"490,400"
19-Jul-21,378,390,377,382.86,"387,600"
23-Jul-21,400,400,382.05,388.43,"334,000"
26-Jul-21,385,398,384,387.34,"315,100"
27-Jul-21,388,389,379,384.04,"222,900"
28-Jul-21,385,388,377.11,382.62,"272,900"
29-Jul-21,394,394,362,369.37,"392,300"
30-Jul-21,371.88,373,357,362.52,"218,700"
2-Aug-21,362,366.2,355,358.96,"138,900"
3-Aug-21,360.7,367,358.45,361.51,"272,200"
4-Aug-21,362.9,369,362.9,365.92,"436,000"
5-Aug-21,366.19,371.99,364,366.02,"127,400"
6-Aug-21,368.8,372,360,366.02,"152,000"
9-Aug-21,366.1,368,363.01,365.45,"44,900"
10-Aug-21,365.15,367.99,347.55,357.81,"381,400"
11-Aug-21,361,363,357,360.4,"30,500"
12-Aug-21,358.01,362.88,353,359.41,"89,700"
13-Aug-21,359,360,356.5,356.72,"7,500"
16-Aug-21,353.6,359.9,349,351.61,"66,500"
17-Aug-21,356.85,364.9,350,352.51,"62,700"
20-Aug-21,352,354.9,350,352.67,"17,000"
23-Aug-21,356,359.98,354.99,358.06,"80,800"
24-Aug-21,356.5,359,354.01,355.33,"24,400"
25-Aug-21,354,359,351,355.62,"21,900"
26-Aug-21,357.65,357.65,344,346.39,"52,100"
27-Aug-21,346,349,338,341.5,"142,000"
30-Aug-21,345,345,341,341.78,"41,800"
31-Aug-21,340.35,347.5,338,342.96,"31,700"
